code1,code2,clone_label
"def multiply(a, b): return a * b",for i in range(100): continue,0.09
while True: pass,for i in range(100): continue,0.33
"def multiply(a, b): return a * b","def product(x, y): return x * y",0.94
if a > b: print(a),if b < a: print(b),0.53
"def divide(a, b): return a / b","def divide(x, y): return x / y",1.0
"a = 5
b = 10
print(a + b)",print('World'),0.11
while True: pass,"def divide(x, y): return x / y",0.13
if a > b: print(a),"def square(n): return pow(n, 2)",0.34
def greet(): print('Hello'),def greet(): print('Hi'),0.8
if a > b: print(a),"def square(n): return pow(n, 2)",0.34
def square(n): return n * n,"def square(n): return pow(n, 2)",0.86
"a = 5
b = 10
print(a + b)","def sum(x, y): return x + y",0.22
while True: pass,def greet(): print('Hi'),0.18
def square(n): return n * n,"def square(n): return pow(n, 2)",0.94
"def multiply(a, b): return a * b",for i in range(100): continue,0.31
"a = 5
b = 10
print(a + b)","x = 5
y = 10
print(x + y)",1.0
"def multiply(a, b): return a * b","def product(x, y): return x * y",0.9
"def add(a, b): return a + b","def sum(x, y): return x + y",1.0
print('Hello'),print('World'),0.0
def square(n): return n * n,"def divide(x, y): return x / y",0.31
def greet(): print('Hello'),def greet(): print('Hi'),0.7
for i in range(10): print(i),"x = 5
y = 10
print(x + y)",0.11
def greet(): print('Hello'),def greet(): print('Hi'),0.88
if a > b: print(a),if b < a: print(b),0.43
if a > b: print(a),def greet(): print('Hi'),0.34
"def multiply(a, b): return a * b","i = 0
while i < 10:
    print(i)
    i += 1",0.07
if a > b: print(a),"def sum(x, y): return x + y",0.39
if a > b: print(a),print('World'),0.26
"def multiply(a, b): return a * b","def product(x, y): return x * y",1.0
while True: pass,if b < a: print(b),0.17
"def multiply(a, b): return a * b","def product(x, y): return x * y",0.9
while True: pass,for i in range(100): continue,0.21
if a > b: print(a),if b < a: print(b),0.53
"def divide(a, b): return a / b","def divide(x, y): return x / y",1.0
"def multiply(a, b): return a * b","def product(x, y): return x * y",1.0
if a > b: print(a),if b < a: print(b),0.51
def square(n): return n * n,"def square(n): return pow(n, 2)",0.86
"def divide(a, b): return a / b","def divide(x, y): return x / y",0.99
if a > b: print(a),"def square(n): return pow(n, 2)",0.19
"def divide(a, b): return a / b",print('World'),0.12
"def divide(a, b): return a / b","def divide(x, y): return x / y",1.0
def greet(): print('Hello'),"x = 5
y = 10
print(x + y)",0.04
def square(n): return n * n,"def square(n): return pow(n, 2)",0.95
if a > b: print(a),"def square(n): return pow(n, 2)",0.35
"def add(a, b): return a + b","x = 5
y = 10
print(x + y)",0.17
"def divide(a, b): return a / b","def divide(x, y): return x / y",0.98
"a = 5
b = 10
print(a + b)","x = 5
y = 10
print(x + y)",1.0
"a = 5
b = 10
print(a + b)","def product(x, y): return x * y",0.15
def greet(): print('Hello'),"def divide(x, y): return x / y",0.15
"def add(a, b): return a + b",for i in range(100): continue,0.37
"def multiply(a, b): return a * b","def product(x, y): return x * y",1.0
"def multiply(a, b): return a * b","def product(x, y): return x * y",1.0
"def divide(a, b): return a / b","def divide(x, y): return x / y",0.95
while True: pass,for i in range(100): continue,0.36
for i in range(10): print(i),"i = 0
while i < 10:
    print(i)
    i += 1",0.62
"def add(a, b): return a + b","i = 0
while i < 10:
    print(i)
    i += 1",0.18
print('Hello'),print('World'),0.02
"def divide(a, b): return a / b","def divide(x, y): return x / y",1.0
if a > b: print(a),if b < a: print(b),0.59
def greet(): print('Hello'),"def sum(x, y): return x + y",0.09
def greet(): print('Hello'),for i in range(100): continue,0.32
print('Hello'),"x = 5
y = 10
print(x + y)",0.27
def square(n): return n * n,print('World'),0.07
def greet(): print('Hello'),"x = 5
y = 10
print(x + y)",0.05
"a = 5
b = 10
print(a + b)","x = 5
y = 10
print(x + y)",0.92
"def add(a, b): return a + b","def sum(x, y): return x + y",1.0
for i in range(10): print(i),"i = 0
while i < 10:
    print(i)
    i += 1",0.68
for i in range(10): print(i),"def divide(x, y): return x / y",0.28
"def multiply(a, b): return a * b","def product(x, y): return x * y",0.92
"def divide(a, b): return a / b",print('World'),0.16
def square(n): return n * n,"def square(n): return pow(n, 2)",0.83
while True: pass,for i in range(100): continue,0.21
def greet(): print('Hello'),def greet(): print('Hi'),0.81
print('Hello'),print('World'),0.0
while True: pass,def greet(): print('Hi'),0.03
while True: pass,for i in range(100): continue,0.34
"a = 5
b = 10
print(a + b)",def greet(): print('Hi'),0.31
"def divide(a, b): return a / b","def divide(x, y): return x / y",0.93
def square(n): return n * n,"def square(n): return pow(n, 2)",0.87
for i in range(10): print(i),"x = 5
y = 10
print(x + y)",0.36
while True: pass,for i in range(100): continue,0.38
"def divide(a, b): return a / b","def square(n): return pow(n, 2)",0.31
if a > b: print(a),if b < a: print(b),0.59
"a = 5
b = 10
print(a + b)","x = 5
y = 10
print(x + y)",0.96
def greet(): print('Hello'),if b < a: print(b),0.07
for i in range(10): print(i),if b < a: print(b),0.36
def greet(): print('Hello'),def greet(): print('Hi'),0.82
if a > b: print(a),if b < a: print(b),0.56
"def add(a, b): return a + b","def sum(x, y): return x + y",0.92
print('Hello'),print('World'),0.08
print('Hello'),if b < a: print(b),0.01
def square(n): return n * n,"def square(n): return pow(n, 2)",0.98
if a > b: print(a),if b < a: print(b),0.59
while True: pass,"def divide(x, y): return x / y",0.2
print('Hello'),print('World'),0.0
"def divide(a, b): return a / b",for i in range(100): continue,0.31
for i in range(10): print(i),if b < a: print(b),0.29
for i in range(10): print(i),"i = 0
while i < 10:
    print(i)
    i += 1",0.01
def square(n): return n * n,"def square(n): return pow(n, 2)",0.96
if a > b: print(a),if b < a: print(b),0.55
def greet(): print('Hello'),print('World'),0.17
if a > b: print(a),if b < a: print(b),0.54
"def add(a, b): return a + b",if b < a: print(b),0.24
"a = 5
b = 10
print(a + b)","def divide(x, y): return x / y",0.11
while True: pass,print('World'),0.23
"def add(a, b): return a + b","def sum(x, y): return x + y",1.0
while True: pass,for i in range(100): continue,0.26
while True: pass,for i in range(100): continue,0.25
for i in range(10): print(i),"def square(n): return pow(n, 2)",0.18
while True: pass,for i in range(100): continue,0.24
for i in range(10): print(i),"i = 0
while i < 10:
    print(i)
    i += 1",0.0
if a > b: print(a),for i in range(100): continue,0.13
if a > b: print(a),if b < a: print(b),0.42
"a = 5
b = 10
print(a + b)",print('World'),0.11
def square(n): return n * n,"def square(n): return pow(n, 2)",0.95
def greet(): print('Hello'),def greet(): print('Hi'),0.71
"def add(a, b): return a + b","def sum(x, y): return x + y",0.94
"def add(a, b): return a + b","def sum(x, y): return x + y",0.92
if a > b: print(a),if b < a: print(b),0.54
while True: pass,"i = 0
while i < 10:
    print(i)
    i += 1",0.09
"def divide(a, b): return a / b","def divide(x, y): return x / y",0.96
print('Hello'),print('World'),0.0
def square(n): return n * n,for i in range(100): continue,0.3
if a > b: print(a),"def product(x, y): return x * y",0.2
"def multiply(a, b): return a * b","def product(x, y): return x * y",1.0
while True: pass,for i in range(100): continue,0.39
"def divide(a, b): return a / b",for i in range(100): continue,0.24
for i in range(10): print(i),"i = 0
while i < 10:
    print(i)
    i += 1",0.65
def greet(): print('Hello'),def greet(): print('Hi'),0.74
"def multiply(a, b): return a * b","def product(x, y): return x * y",1.0
"a = 5
b = 10
print(a + b)","x = 5
y = 10
print(x + y)",0.29
"a = 5
b = 10
print(a + b)","i = 0
while i < 10:
    print(i)
    i += 1",0.21
print('Hello'),print('World'),0.02
"a = 5
b = 10
print(a + b)",if b < a: print(b),0.19
"def multiply(a, b): return a * b","def product(x, y): return x * y",0.93
for i in range(10): print(i),"def divide(x, y): return x / y",0.09
def greet(): print('Hello'),def greet(): print('Hi'),0.83
while True: pass,"i = 0
while i < 10:
    print(i)
    i += 1",0.25
"a = 5
b = 10
print(a + b)","x = 5
y = 10
print(x + y)",0.98
while True: pass,for i in range(100): continue,0.28
for i in range(10): print(i),"i = 0
while i < 10:
    print(i)
    i += 1",0.77
print('Hello'),if b < a: print(b),0.06
def greet(): print('Hello'),def greet(): print('Hi'),0.81
for i in range(10): print(i),"i = 0
while i < 10:
    print(i)
    i += 1",0.67
for i in range(10): print(i),"i = 0
while i < 10:
    print(i)
    i += 1",0.7
print('Hello'),print('World'),0.04
def square(n): return n * n,"def square(n): return pow(n, 2)",0.93
if a > b: print(a),if b < a: print(b),0.55
if a > b: print(a),"def square(n): return pow(n, 2)",0.25
while True: pass,for i in range(100): continue,0.21
for i in range(10): print(i),"def divide(x, y): return x / y",0.12
"def add(a, b): return a + b","def sum(x, y): return x + y",0.97
for i in range(10): print(i),"i = 0
while i < 10:
    print(i)
    i += 1",0.79
for i in range(10): print(i),"def sum(x, y): return x + y",0.12
def greet(): print('Hello'),def greet(): print('Hi'),0.76
for i in range(10): print(i),for i in range(100): continue,0.16
if a > b: print(a),if b < a: print(b),0.5
def square(n): return n * n,if b < a: print(b),0.09
print('Hello'),for i in range(100): continue,0.16
while True: pass,for i in range(100): continue,0.22
def greet(): print('Hello'),for i in range(100): continue,0.12
"def divide(a, b): return a / b",for i in range(100): continue,0.32
def greet(): print('Hello'),if b < a: print(b),0.37
"def divide(a, b): return a / b","def sum(x, y): return x + y",0.26
def greet(): print('Hello'),def greet(): print('Hi'),0.71
def square(n): return n * n,"def square(n): return pow(n, 2)",0.89
while True: pass,for i in range(100): continue,0.25
def square(n): return n * n,"def square(n): return pow(n, 2)",0.83
if a > b: print(a),if b < a: print(b),0.52
print('Hello'),print('World'),0.0
def greet(): print('Hello'),def greet(): print('Hi'),0.78
if a > b: print(a),if b < a: print(b),0.52
while True: pass,"x = 5
y = 10
print(x + y)",0.08
print('Hello'),print('World'),0.0
"def add(a, b): return a + b","def sum(x, y): return x + y",1.0
"def add(a, b): return a + b","def sum(x, y): return x + y",0.93
def greet(): print('Hello'),def greet(): print('Hi'),0.88
print('Hello'),print('World'),0.0
for i in range(10): print(i),"i = 0
while i < 10:
    print(i)
    i += 1",0.65
while True: pass,print('World'),0.04
"a = 5
b = 10
print(a + b)","x = 5
y = 10
print(x + y)",0.94
if a > b: print(a),if b < a: print(b),0.42
"def divide(a, b): return a / b","def divide(x, y): return x / y",1.0
"def multiply(a, b): return a * b","def product(x, y): return x * y",0.91
def greet(): print('Hello'),"def product(x, y): return x * y",0.39
while True: pass,for i in range(100): continue,0.32
while True: pass,for i in range(100): continue,0.25
"def add(a, b): return a + b","def sum(x, y): return x + y",1.0
"def add(a, b): return a + b","def sum(x, y): return x + y",0.97
"def multiply(a, b): return a * b","def product(x, y): return x * y",0.9
"a = 5
b = 10
print(a + b)","def sum(x, y): return x + y",0.11
print('Hello'),"i = 0
while i < 10:
    print(i)
    i += 1",0.12
"def divide(a, b): return a / b","def divide(x, y): return x / y",0.96
if a > b: print(a),if b < a: print(b),0.48
def square(n): return n * n,"def divide(x, y): return x / y",0.31
print('Hello'),print('World'),0.07
def square(n): return n * n,"def product(x, y): return x * y",0.36
"a = 5
b = 10
print(a + b)","def divide(x, y): return x / y",0.19
"def divide(a, b): return a / b","i = 0
while i < 10:
    print(i)
    i += 1",0.09
def greet(): print('Hello'),"def product(x, y): return x * y",0.03
if a > b: print(a),"def sum(x, y): return x + y",0.31
def square(n): return n * n,"def square(n): return pow(n, 2)",0.84
for i in range(10): print(i),"i = 0
while i < 10:
    print(i)
    i += 1",0.72
print('Hello'),print('World'),0.02
if a > b: print(a),if b < a: print(b),0.49
print('Hello'),print('World'),0.03
while True: pass,for i in range(100): continue,0.25
"a = 5
b = 10
print(a + b)","x = 5
y = 10
print(x + y)",0.12
print('Hello'),"def sum(x, y): return x + y",0.39
for i in range(10): print(i),"x = 5
y = 10
print(x + y)",0.24
"def multiply(a, b): return a * b",print('World'),0.01
def greet(): print('Hello'),def greet(): print('Hi'),0.87
def greet(): print('Hello'),def greet(): print('Hi'),0.9
"def multiply(a, b): return a * b","def product(x, y): return x * y",0.28
"def multiply(a, b): return a * b",if b < a: print(b),0.19
print('Hello'),"x = 5
y = 10
print(x + y)",0.17
"def multiply(a, b): return a * b","def product(x, y): return x * y",1.0
print('Hello'),if b < a: print(b),0.25
if a > b: print(a),if b < a: print(b),0.56
"def multiply(a, b): return a * b","def product(x, y): return x * y",1.0
def square(n): return n * n,"def square(n): return pow(n, 2)",0.94
"def multiply(a, b): return a * b","def product(x, y): return x * y",0.02
for i in range(10): print(i),"def divide(x, y): return x / y",0.37
if a > b: print(a),if b < a: print(b),0.09
print('Hello'),print('World'),0.03
"a = 5
b = 10
print(a + b)","x = 5
y = 10
print(x + y)",1.0
"def divide(a, b): return a / b","def divide(x, y): return x / y",0.95
for i in range(10): print(i),"i = 0
while i < 10:
    print(i)
    i += 1",0.78
if a > b: print(a),if b < a: print(b),0.54
if a > b: print(a),if b < a: print(b),0.49
def greet(): print('Hello'),def greet(): print('Hi'),0.82
"a = 5
b = 10
print(a + b)","x = 5
y = 10
print(x + y)",1.0
"def divide(a, b): return a / b","def divide(x, y): return x / y",1.0
if a > b: print(a),if b < a: print(b),0.51
if a > b: print(a),if b < a: print(b),0.51
"def divide(a, b): return a / b","def divide(x, y): return x / y",1.0
if a > b: print(a),if b < a: print(b),0.59
for i in range(10): print(i),"i = 0
while i < 10:
    print(i)
    i += 1",0.76
def square(n): return n * n,"def square(n): return pow(n, 2)",0.81
while True: pass,for i in range(100): continue,0.37
"def multiply(a, b): return a * b","def product(x, y): return x * y",1.0
"def multiply(a, b): return a * b","def product(x, y): return x * y",1.0
while True: pass,"x = 5
y = 10
print(x + y)",0.33
"def add(a, b): return a + b","def sum(x, y): return x + y",1.0
"def multiply(a, b): return a * b","def divide(x, y): return x / y",0.3
"def multiply(a, b): return a * b",if b < a: print(b),0.13
def square(n): return n * n,"def square(n): return pow(n, 2)",0.97
for i in range(10): print(i),def greet(): print('Hi'),0.18
"def divide(a, b): return a / b",if b < a: print(b),0.07
"def add(a, b): return a + b","def sum(x, y): return x + y",1.0
while True: pass,for i in range(100): continue,0.22
while True: pass,for i in range(100): continue,0.35
for i in range(10): print(i),for i in range(100): continue,0.2
while True: pass,for i in range(100): continue,0.34
"a = 5
b = 10
print(a + b)","x = 5
y = 10
print(x + y)",0.94
if a > b: print(a),if b < a: print(b),0.51
if a > b: print(a),if b < a: print(b),0.51
"def multiply(a, b): return a * b","x = 5
y = 10
print(x + y)",0.14
if a > b: print(a),if b < a: print(b),0.55
if a > b: print(a),if b < a: print(b),0.43
"def add(a, b): return a + b","def sum(x, y): return x + y",1.0
"def divide(a, b): return a / b","def square(n): return pow(n, 2)",0.28
def greet(): print('Hello'),"x = 5
y = 10
print(x + y)",0.21
print('Hello'),"def sum(x, y): return x + y",0.09
"def multiply(a, b): return a * b","i = 0
while i < 10:
    print(i)
    i += 1",0.33
for i in range(10): print(i),"i = 0
while i < 10:
    print(i)
    i += 1",0.76
"def divide(a, b): return a / b","def divide(x, y): return x / y",1.0
def greet(): print('Hello'),"i = 0
while i < 10:
    print(i)
    i += 1",0.19
"def divide(a, b): return a / b","def divide(x, y): return x / y",0.98
"a = 5
b = 10
print(a + b)","x = 5
y = 10
print(x + y)",1.0
while True: pass,for i in range(100): continue,0.34
print('Hello'),print('World'),0.21
for i in range(10): print(i),def greet(): print('Hi'),0.04
while True: pass,"def sum(x, y): return x + y",0.28
if a > b: print(a),if b < a: print(b),0.43
"a = 5
b = 10
print(a + b)","x = 5
y = 10
print(x + y)",0.9
"def divide(a, b): return a / b",if b < a: print(b),0.4
"a = 5
b = 10
print(a + b)","def product(x, y): return x * y",0.4
def square(n): return n * n,"def sum(x, y): return x + y",0.27
"def divide(a, b): return a / b","def divide(x, y): return x / y",0.29
def square(n): return n * n,"def divide(x, y): return x / y",0.21
"def divide(a, b): return a / b","def divide(x, y): return x / y",0.95
if a > b: print(a),if b < a: print(b),0.58
"def multiply(a, b): return a * b","def sum(x, y): return x + y",0.04
def square(n): return n * n,"def sum(x, y): return x + y",0.3
"def multiply(a, b): return a * b",for i in range(100): continue,0.13
while True: pass,for i in range(100): continue,0.37
if a > b: print(a),"x = 5
y = 10
print(x + y)",0.32
print('Hello'),"def sum(x, y): return x + y",0.37
def square(n): return n * n,"def square(n): return pow(n, 2)",0.96
print('Hello'),print('World'),0.07
print('Hello'),"i = 0
while i < 10:
    print(i)
    i += 1",0.29
"a = 5
b = 10
print(a + b)","x = 5
y = 10
print(x + y)",1.0
def greet(): print('Hello'),def greet(): print('Hi'),0.86
for i in range(10): print(i),"i = 0
while i < 10:
    print(i)
    i += 1",0.75
while True: pass,for i in range(100): continue,0.25
"a = 5
b = 10
print(a + b)","x = 5
y = 10
print(x + y)",0.99
"a = 5
b = 10
print(a + b)","x = 5
y = 10
print(x + y)",1.0
"def multiply(a, b): return a * b","def sum(x, y): return x + y",0.08
print('Hello'),print('World'),0.05
while True: pass,for i in range(100): continue,0.3
def greet(): print('Hello'),"def sum(x, y): return x + y",0.33
"a = 5
b = 10
print(a + b)","x = 5
y = 10
print(x + y)",1.0
if a > b: print(a),if b < a: print(b),0.43
"a = 5
b = 10
print(a + b)","x = 5
y = 10
print(x + y)",0.99
if a > b: print(a),if b < a: print(b),0.52
"def multiply(a, b): return a * b","def product(x, y): return x * y",1.0
def greet(): print('Hello'),def greet(): print('Hi'),0.79
"def add(a, b): return a + b","def sum(x, y): return x + y",1.0
"def add(a, b): return a + b","def sum(x, y): return x + y",0.98
for i in range(10): print(i),"i = 0
while i < 10:
    print(i)
    i += 1",0.61
def greet(): print('Hello'),"def product(x, y): return x * y",0.03
"def divide(a, b): return a / b","def divide(x, y): return x / y",0.99
def greet(): print('Hello'),"def square(n): return pow(n, 2)",0.04
print('Hello'),"def square(n): return pow(n, 2)",0.01
while True: pass,print('World'),0.04
def square(n): return n * n,"def square(n): return pow(n, 2)",0.89
"def divide(a, b): return a / b","def divide(x, y): return x / y",1.0
if a > b: print(a),if b < a: print(b),0.58
"def add(a, b): return a + b","def sum(x, y): return x + y",1.0
def square(n): return n * n,"def square(n): return pow(n, 2)",0.99
print('Hello'),"x = 5
y = 10
print(x + y)",0.21
"def divide(a, b): return a / b","i = 0
while i < 10:
    print(i)
    i += 1",0.4
"a = 5
b = 10
print(a + b)","def divide(x, y): return x / y",0.29
for i in range(10): print(i),"i = 0
while i < 10:
    print(i)
    i += 1",0.77
"def multiply(a, b): return a * b","def sum(x, y): return x + y",0.32
"def multiply(a, b): return a * b",for i in range(100): continue,0.37
print('Hello'),print('World'),0.0
"def add(a, b): return a + b","def sum(x, y): return x + y",1.0
def square(n): return n * n,if b < a: print(b),0.06
def greet(): print('Hello'),def greet(): print('Hi'),0.81
if a > b: print(a),if b < a: print(b),0.45
def greet(): print('Hello'),"i = 0
while i < 10:
    print(i)
    i += 1",0.0
def square(n): return n * n,"def square(n): return pow(n, 2)",0.86
"a = 5
b = 10
print(a + b)","x = 5
y = 10
print(x + y)",1.0
if a > b: print(a),if b < a: print(b),0.42
for i in range(10): print(i),"def divide(x, y): return x / y",0.4
"def add(a, b): return a + b","def square(n): return pow(n, 2)",0.39
def greet(): print('Hello'),def greet(): print('Hi'),0.89
"def add(a, b): return a + b","def sum(x, y): return x + y",0.99
"a = 5
b = 10
print(a + b)","x = 5
y = 10
print(x + y)",0.97
def greet(): print('Hello'),def greet(): print('Hi'),0.78
"a = 5
b = 10
print(a + b)","x = 5
y = 10
print(x + y)",0.91
def square(n): return n * n,"def square(n): return pow(n, 2)",0.88
"def add(a, b): return a + b","def sum(x, y): return x + y",0.36
if a > b: print(a),for i in range(100): continue,0.05
"def divide(a, b): return a / b","def divide(x, y): return x / y",0.95
def square(n): return n * n,"def square(n): return pow(n, 2)",0.87
"def multiply(a, b): return a * b","def product(x, y): return x * y",1.0
"def add(a, b): return a + b","def product(x, y): return x * y",0.12
"def multiply(a, b): return a * b","def product(x, y): return x * y",0.91
"def divide(a, b): return a / b","def divide(x, y): return x / y",0.91
"def add(a, b): return a + b","def sum(x, y): return x + y",1.0
def square(n): return n * n,"def product(x, y): return x * y",0.17
"def add(a, b): return a + b","def sum(x, y): return x + y",0.99
for i in range(10): print(i),def greet(): print('Hi'),0.3
for i in range(10): print(i),"i = 0
while i < 10:
    print(i)
    i += 1",0.78
"def add(a, b): return a + b",if b < a: print(b),0.07
for i in range(10): print(i),"i = 0
while i < 10:
    print(i)
    i += 1",0.73
for i in range(10): print(i),"i = 0
while i < 10:
    print(i)
    i += 1",0.69
if a > b: print(a),if b < a: print(b),0.44
print('Hello'),print('World'),0.0
"a = 5
b = 10
print(a + b)","def square(n): return pow(n, 2)",0.2
while True: pass,for i in range(100): continue,0.23
def square(n): return n * n,"x = 5
y = 10
print(x + y)",0.28
"def add(a, b): return a + b","def divide(x, y): return x / y",0.3
print('Hello'),print('World'),0.06
print('Hello'),print('World'),0.06
for i in range(10): print(i),"i = 0
while i < 10:
    print(i)
    i += 1",0.76
while True: pass,for i in range(100): continue,0.29
def greet(): print('Hello'),"def square(n): return pow(n, 2)",0.34
"def add(a, b): return a + b","def sum(x, y): return x + y",0.95
"def add(a, b): return a + b","def sum(x, y): return x + y",0.08
"a = 5
b = 10
print(a + b)","x = 5
y = 10
print(x + y)",0.95
def greet(): print('Hello'),"x = 5
y = 10
print(x + y)",0.39
for i in range(10): print(i),"i = 0
while i < 10:
    print(i)
    i += 1",0.64
def square(n): return n * n,"def square(n): return pow(n, 2)",0.88
while True: pass,for i in range(100): continue,0.24
for i in range(10): print(i),"def product(x, y): return x * y",0.07
"def add(a, b): return a + b",if b < a: print(b),0.14
"def add(a, b): return a + b","def sum(x, y): return x + y",0.34
print('Hello'),"def sum(x, y): return x + y",0.21
print('Hello'),print('World'),0.07
for i in range(10): print(i),"i = 0
while i < 10:
    print(i)
    i += 1",0.61
for i in range(10): print(i),"i = 0
while i < 10:
    print(i)
    i += 1",0.8
while True: pass,for i in range(100): continue,0.28
"def divide(a, b): return a / b","def sum(x, y): return x + y",0.25
while True: pass,for i in range(100): continue,0.23
if a > b: print(a),"def sum(x, y): return x + y",0.13
print('Hello'),"def sum(x, y): return x + y",0.14
"def divide(a, b): return a / b",if b < a: print(b),0.33
"def multiply(a, b): return a * b","def product(x, y): return x * y",0.9
print('Hello'),"def square(n): return pow(n, 2)",0.13
if a > b: print(a),if b < a: print(b),0.59
while True: pass,for i in range(100): continue,0.32
"a = 5
b = 10
print(a + b)","def product(x, y): return x * y",0.08
def square(n): return n * n,if b < a: print(b),0.26
def square(n): return n * n,"def square(n): return pow(n, 2)",0.94
while True: pass,for i in range(100): continue,0.27
while True: pass,for i in range(100): continue,0.29
while True: pass,for i in range(100): continue,0.22
"a = 5
b = 10
print(a + b)","def product(x, y): return x * y",0.25
def greet(): print('Hello'),def greet(): print('Hi'),0.83
"a = 5
b = 10
print(a + b)","x = 5
y = 10
print(x + y)",0.93
"def divide(a, b): return a / b","def product(x, y): return x * y",0.36
def square(n): return n * n,"def square(n): return pow(n, 2)",0.94
def greet(): print('Hello'),def greet(): print('Hi'),0.81
print('Hello'),print('World'),0.0
print('Hello'),print('World'),0.0
"def multiply(a, b): return a * b","def product(x, y): return x * y",0.01
def square(n): return n * n,"def square(n): return pow(n, 2)",0.99
print('Hello'),print('World'),0.0
"def multiply(a, b): return a * b","def product(x, y): return x * y",0.96
def greet(): print('Hello'),"def square(n): return pow(n, 2)",0.14
"def divide(a, b): return a / b","def divide(x, y): return x / y",1.0
"def multiply(a, b): return a * b","def product(x, y): return x * y",0.97
"def add(a, b): return a + b","def sum(x, y): return x + y",1.0
"a = 5
b = 10
print(a + b)",if b < a: print(b),0.3
def square(n): return n * n,"def square(n): return pow(n, 2)",0.84
def greet(): print('Hello'),if b < a: print(b),0.28
"def add(a, b): return a + b","i = 0
while i < 10:
    print(i)
    i += 1",0.2
if a > b: print(a),"def square(n): return pow(n, 2)",0.04
if a > b: print(a),"i = 0
while i < 10:
    print(i)
    i += 1",0.16
if a > b: print(a),if b < a: print(b),0.5
def greet(): print('Hello'),def greet(): print('Hi'),0.75
if a > b: print(a),if b < a: print(b),0.45
"def add(a, b): return a + b","def sum(x, y): return x + y",1.0
"def add(a, b): return a + b","def sum(x, y): return x + y",1.0
"def add(a, b): return a + b","def sum(x, y): return x + y",0.99
if a > b: print(a),if b < a: print(b),0.14
"def add(a, b): return a + b","def sum(x, y): return x + y",0.98
def square(n): return n * n,"def square(n): return pow(n, 2)",0.8
def square(n): return n * n,"def square(n): return pow(n, 2)",0.88
print('Hello'),print('World'),0.0
for i in range(10): print(i),if b < a: print(b),0.1
while True: pass,for i in range(100): continue,0.26
while True: pass,for i in range(100): continue,0.29
def greet(): print('Hello'),def greet(): print('Hi'),0.74
"def divide(a, b): return a / b","def product(x, y): return x * y",0.13
for i in range(10): print(i),"def divide(x, y): return x / y",0.22
while True: pass,for i in range(100): continue,0.33
def greet(): print('Hello'),def greet(): print('Hi'),0.08
for i in range(10): print(i),if b < a: print(b),0.39
while True: pass,for i in range(100): continue,0.23
while True: pass,"def sum(x, y): return x + y",0.31
def greet(): print('Hello'),def greet(): print('Hi'),0.71
def greet(): print('Hello'),def greet(): print('Hi'),0.82
"def multiply(a, b): return a * b","i = 0
while i < 10:
    print(i)
    i += 1",0.37
print('Hello'),def greet(): print('Hi'),0.31
if a > b: print(a),if b < a: print(b),0.5
"a = 5
b = 10
print(a + b)","x = 5
y = 10
print(x + y)",0.96
def greet(): print('Hello'),def greet(): print('Hi'),0.76
"def multiply(a, b): return a * b","def product(x, y): return x * y",0.92
"def add(a, b): return a + b","def sum(x, y): return x + y",1.0
"def add(a, b): return a + b","def sum(x, y): return x + y",0.97
while True: pass,for i in range(100): continue,0.24
for i in range(10): print(i),"i = 0
while i < 10:
    print(i)
    i += 1",0.25
"def divide(a, b): return a / b","def square(n): return pow(n, 2)",0.03
while True: pass,for i in range(100): continue,0.37
def greet(): print('Hello'),def greet(): print('Hi'),0.71
def greet(): print('Hello'),"def divide(x, y): return x / y",0.38
def square(n): return n * n,"def square(n): return pow(n, 2)",0.92
for i in range(10): print(i),"i = 0
while i < 10:
    print(i)
    i += 1",0.67
def greet(): print('Hello'),"x = 5
y = 10
print(x + y)",0.28
print('Hello'),"def square(n): return pow(n, 2)",0.09
"def add(a, b): return a + b","def sum(x, y): return x + y",0.99
def square(n): return n * n,def greet(): print('Hi'),0.14
for i in range(10): print(i),"i = 0
while i < 10:
    print(i)
    i += 1",0.75
print('Hello'),print('World'),0.04
"def add(a, b): return a + b","def square(n): return pow(n, 2)",0.24
for i in range(10): print(i),"def sum(x, y): return x + y",0.11
for i in range(10): print(i),print('World'),0.25
if a > b: print(a),for i in range(100): continue,0.25
def square(n): return n * n,"def square(n): return pow(n, 2)",1.0
"def add(a, b): return a + b","def sum(x, y): return x + y",0.92
def square(n): return n * n,"def square(n): return pow(n, 2)",0.87
def greet(): print('Hello'),def greet(): print('Hi'),0.82
print('Hello'),print('World'),0.08
print('Hello'),print('World'),0.02
def greet(): print('Hello'),def greet(): print('Hi'),0.71
"def add(a, b): return a + b","def sum(x, y): return x + y",0.39
while True: pass,"def divide(x, y): return x / y",0.29
if a > b: print(a),if b < a: print(b),0.57
"def divide(a, b): return a / b","def divide(x, y): return x / y",1.0
if a > b: print(a),if b < a: print(b),0.59
"def multiply(a, b): return a * b","i = 0
while i < 10:
    print(i)
    i += 1",0.06
"def divide(a, b): return a / b","def divide(x, y): return x / y",0.9
def square(n): return n * n,"def product(x, y): return x * y",0.28
"a = 5
b = 10
print(a + b)",if b < a: print(b),0.03
"def multiply(a, b): return a * b","def product(x, y): return x * y",1.0
"def add(a, b): return a + b","def sum(x, y): return x + y",1.0
"a = 5
b = 10
print(a + b)","x = 5
y = 10
print(x + y)",1.0
"def add(a, b): return a + b","def sum(x, y): return x + y",0.98
"def divide(a, b): return a / b","i = 0
while i < 10:
    print(i)
    i += 1",0.06
def square(n): return n * n,"def square(n): return pow(n, 2)",0.91
if a > b: print(a),"i = 0
while i < 10:
    print(i)
    i += 1",0.36
def greet(): print('Hello'),print('World'),0.04
"def add(a, b): return a + b","def sum(x, y): return x + y",0.98
"def divide(a, b): return a / b","def divide(x, y): return x / y",0.99
"def divide(a, b): return a / b","def divide(x, y): return x / y",0.27
"def add(a, b): return a + b","def sum(x, y): return x + y",0.94
print('Hello'),print('World'),0.0
"def multiply(a, b): return a * b","def sum(x, y): return x + y",0.29
"a = 5
b = 10
print(a + b)","x = 5
y = 10
print(x + y)",1.0
"def divide(a, b): return a / b","def product(x, y): return x * y",0.38
"def multiply(a, b): return a * b","def product(x, y): return x * y",1.0
for i in range(10): print(i),"i = 0
while i < 10:
    print(i)
    i += 1",0.65
"def multiply(a, b): return a * b","def product(x, y): return x * y",1.0
print('Hello'),print('World'),0.01
"def divide(a, b): return a / b","def divide(x, y): return x / y",1.0
while True: pass,for i in range(100): continue,0.25
print('Hello'),def greet(): print('Hi'),0.16
"def multiply(a, b): return a * b",if b < a: print(b),0.03
for i in range(10): print(i),print('World'),0.16
def greet(): print('Hello'),def greet(): print('Hi'),0.85
"def divide(a, b): return a / b","def divide(x, y): return x / y",1.0
while True: pass,"def product(x, y): return x * y",0.14
def square(n): return n * n,"def square(n): return pow(n, 2)",0.88
for i in range(10): print(i),"i = 0
while i < 10:
    print(i)
    i += 1",0.65
print('Hello'),if b < a: print(b),0.36
"def multiply(a, b): return a * b","def product(x, y): return x * y",1.0
if a > b: print(a),if b < a: print(b),0.07
def greet(): print('Hello'),def greet(): print('Hi'),0.84
def greet(): print('Hello'),def greet(): print('Hi'),0.85
"def add(a, b): return a + b","def divide(x, y): return x / y",0.27
if a > b: print(a),if b < a: print(b),0.11
while True: pass,for i in range(100): continue,0.37
"def multiply(a, b): return a * b","def product(x, y): return x * y",0.97
if a > b: print(a),for i in range(100): continue,0.2
for i in range(10): print(i),"i = 0
while i < 10:
    print(i)
    i += 1",0.66
for i in range(10): print(i),"i = 0
while i < 10:
    print(i)
    i += 1",0.79
def greet(): print('Hello'),def greet(): print('Hi'),0.85
def square(n): return n * n,"def sum(x, y): return x + y",0.31
"def add(a, b): return a + b","def sum(x, y): return x + y",0.95
"def multiply(a, b): return a * b","def product(x, y): return x * y",1.0
"a = 5
b = 10
print(a + b)",def greet(): print('Hi'),0.12
if a > b: print(a),print('World'),0.21
while True: pass,for i in range(100): continue,0.32
if a > b: print(a),if b < a: print(b),0.55
while True: pass,for i in range(100): continue,0.25
"def divide(a, b): return a / b",print('World'),0.35
print('Hello'),print('World'),0.0
def greet(): print('Hello'),def greet(): print('Hi'),0.79
while True: pass,for i in range(100): continue,0.28
"a = 5
b = 10
print(a + b)",def greet(): print('Hi'),0.02
"a = 5
b = 10
print(a + b)","def divide(x, y): return x / y",0.28
"def multiply(a, b): return a * b","def product(x, y): return x * y",1.0
"def multiply(a, b): return a * b",for i in range(100): continue,0.21
def greet(): print('Hello'),"i = 0
while i < 10:
    print(i)
    i += 1",0.11
if a > b: print(a),if b < a: print(b),0.5
def square(n): return n * n,"def divide(x, y): return x / y",0.32
"def divide(a, b): return a / b","def divide(x, y): return x / y",1.0
for i in range(10): print(i),def greet(): print('Hi'),0.32
if a > b: print(a),if b < a: print(b),0.49
"def add(a, b): return a + b","def sum(x, y): return x + y",1.0
if a > b: print(a),if b < a: print(b),0.5
"def divide(a, b): return a / b",for i in range(100): continue,0.18
"def add(a, b): return a + b","def sum(x, y): return x + y",0.29
def square(n): return n * n,for i in range(100): continue,0.09
if a > b: print(a),"def divide(x, y): return x / y",0.23
"def divide(a, b): return a / b","def divide(x, y): return x / y",0.98
for i in range(10): print(i),"i = 0
while i < 10:
    print(i)
    i += 1",0.75
"def multiply(a, b): return a * b",if b < a: print(b),0.09
print('Hello'),print('World'),0.31
"def divide(a, b): return a / b","def sum(x, y): return x + y",0.16
def greet(): print('Hello'),"x = 5
y = 10
print(x + y)",0.13
"a = 5
b = 10
print(a + b)",if b < a: print(b),0.32
"def add(a, b): return a + b","def square(n): return pow(n, 2)",0.38
def square(n): return n * n,"def square(n): return pow(n, 2)",0.83
"def divide(a, b): return a / b","def divide(x, y): return x / y",0.93
"a = 5
b = 10
print(a + b)","x = 5
y = 10
print(x + y)",0.94
print('Hello'),print('World'),0.0
"def add(a, b): return a + b","def sum(x, y): return x + y",0.9
if a > b: print(a),"i = 0
while i < 10:
    print(i)
    i += 1",0.06
"def multiply(a, b): return a * b",if b < a: print(b),0.32
while True: pass,for i in range(100): continue,0.34
for i in range(10): print(i),"i = 0
while i < 10:
    print(i)
    i += 1",0.7
while True: pass,"def divide(x, y): return x / y",0.19
"a = 5
b = 10
print(a + b)","x = 5
y = 10
print(x + y)",0.24
def greet(): print('Hello'),def greet(): print('Hi'),0.79
"a = 5
b = 10
print(a + b)",def greet(): print('Hi'),0.24
def greet(): print('Hello'),"i = 0
while i < 10:
    print(i)
    i += 1",0.27
def greet(): print('Hello'),if b < a: print(b),0.23
"a = 5
b = 10
print(a + b)","def sum(x, y): return x + y",0.1
"def multiply(a, b): return a * b","def product(x, y): return x * y",1.0
"def divide(a, b): return a / b","x = 5
y = 10
print(x + y)",0.33
"def divide(a, b): return a / b","def divide(x, y): return x / y",0.96
for i in range(10): print(i),"def square(n): return pow(n, 2)",0.2
for i in range(10): print(i),"i = 0
while i < 10:
    print(i)
    i += 1",0.75
"def divide(a, b): return a / b",for i in range(100): continue,0.13
for i in range(10): print(i),"i = 0
while i < 10:
    print(i)
    i += 1",0.63
def greet(): print('Hello'),"def sum(x, y): return x + y",0.21
"def divide(a, b): return a / b","def divide(x, y): return x / y",1.0
if a > b: print(a),if b < a: print(b),0.46
print('Hello'),print('World'),0.03
def greet(): print('Hello'),if b < a: print(b),0.32
"def multiply(a, b): return a * b","def product(x, y): return x * y",1.0
while True: pass,for i in range(100): continue,0.34
print('Hello'),"def sum(x, y): return x + y",0.24
print('Hello'),"def divide(x, y): return x / y",0.15
"a = 5
b = 10
print(a + b)","i = 0
while i < 10:
    print(i)
    i += 1",0.19
if a > b: print(a),if b < a: print(b),0.58
"def divide(a, b): return a / b",if b < a: print(b),0.29
"def divide(a, b): return a / b","def divide(x, y): return x / y",1.0
for i in range(10): print(i),"i = 0
while i < 10:
    print(i)
    i += 1",0.61
"a = 5
b = 10
print(a + b)","def sum(x, y): return x + y",0.08
print('Hello'),if b < a: print(b),0.25
for i in range(10): print(i),def greet(): print('Hi'),0.34
def greet(): print('Hello'),def greet(): print('Hi'),0.77
"def divide(a, b): return a / b","def divide(x, y): return x / y",0.97
def greet(): print('Hello'),"def square(n): return pow(n, 2)",0.04
print('Hello'),if b < a: print(b),0.35
while True: pass,for i in range(100): continue,0.21
def square(n): return n * n,def greet(): print('Hi'),0.05
"a = 5
b = 10
print(a + b)","x = 5
y = 10
print(x + y)",0.32
"def add(a, b): return a + b","def sum(x, y): return x + y",1.0
def greet(): print('Hello'),def greet(): print('Hi'),0.72
def greet(): print('Hello'),"def sum(x, y): return x + y",0.26
"a = 5
b = 10
print(a + b)","x = 5
y = 10
print(x + y)",0.91
print('Hello'),print('World'),0.01
"a = 5
b = 10
print(a + b)","x = 5
y = 10
print(x + y)",0.98
"def divide(a, b): return a / b","def divide(x, y): return x / y",0.91
def square(n): return n * n,for i in range(100): continue,0.4
while True: pass,def greet(): print('Hi'),0.17
"def add(a, b): return a + b","x = 5
y = 10
print(x + y)",0.11
"def add(a, b): return a + b","def sum(x, y): return x + y",0.99
"def multiply(a, b): return a * b","def product(x, y): return x * y",0.97
if a > b: print(a),if b < a: print(b),0.52
print('Hello'),"def square(n): return pow(n, 2)",0.28
print('Hello'),print('World'),0.07
if a > b: print(a),"i = 0
while i < 10:
    print(i)
    i += 1",0.4
if a > b: print(a),"def sum(x, y): return x + y",0.16
"a = 5
b = 10
print(a + b)","x = 5
y = 10
print(x + y)",0.91
print('Hello'),print('World'),0.0
"def multiply(a, b): return a * b","def product(x, y): return x * y",1.0
if a > b: print(a),if b < a: print(b),0.43
def greet(): print('Hello'),"def product(x, y): return x * y",0.34
def greet(): print('Hello'),def greet(): print('Hi'),0.05
"def multiply(a, b): return a * b","def product(x, y): return x * y",1.0
for i in range(10): print(i),"i = 0
while i < 10:
    print(i)
    i += 1",0.77
while True: pass,for i in range(100): continue,0.29
"def add(a, b): return a + b","def sum(x, y): return x + y",1.0
def square(n): return n * n,"def square(n): return pow(n, 2)",0.85
def square(n): return n * n,"def square(n): return pow(n, 2)",0.97
"def divide(a, b): return a / b","def divide(x, y): return x / y",1.0
while True: pass,for i in range(100): continue,0.4
if a > b: print(a),if b < a: print(b),0.42
def greet(): print('Hello'),def greet(): print('Hi'),0.85
"a = 5
b = 10
print(a + b)","x = 5
y = 10
print(x + y)",1.0
"def multiply(a, b): return a * b","i = 0
while i < 10:
    print(i)
    i += 1",0.3
def square(n): return n * n,if b < a: print(b),0.17
for i in range(10): print(i),"def product(x, y): return x * y",0.24
if a > b: print(a),if b < a: print(b),0.58
"def add(a, b): return a + b","def sum(x, y): return x + y",0.95
"def multiply(a, b): return a * b","def product(x, y): return x * y",1.0
def greet(): print('Hello'),"def product(x, y): return x * y",0.05
print('Hello'),print('World'),0.09
print('Hello'),print('World'),0.01
if a > b: print(a),"def product(x, y): return x * y",0.16
print('Hello'),"def square(n): return pow(n, 2)",0.23
for i in range(10): print(i),"def square(n): return pow(n, 2)",0.09
"def multiply(a, b): return a * b","def product(x, y): return x * y",0.97
"a = 5
b = 10
print(a + b)","x = 5
y = 10
print(x + y)",1.0
for i in range(10): print(i),"def square(n): return pow(n, 2)",0.18
"def add(a, b): return a + b","def sum(x, y): return x + y",1.0
def square(n): return n * n,def greet(): print('Hi'),0.1
"a = 5
b = 10
print(a + b)","x = 5
y = 10
print(x + y)",1.0
print('Hello'),print('World'),0.08
def square(n): return n * n,"def square(n): return pow(n, 2)",0.98
"def divide(a, b): return a / b","def divide(x, y): return x / y",0.97
"a = 5
b = 10
print(a + b)","x = 5
y = 10
print(x + y)",0.96
"def multiply(a, b): return a * b","def product(x, y): return x * y",0.93
while True: pass,for i in range(100): continue,0.29
def square(n): return n * n,"def square(n): return pow(n, 2)",0.86
"a = 5
b = 10
print(a + b)","def product(x, y): return x * y",0.23
def square(n): return n * n,print('World'),0.03
if a > b: print(a),if b < a: print(b),0.59
"def multiply(a, b): return a * b","def square(n): return pow(n, 2)",0.03
"def multiply(a, b): return a * b","i = 0
while i < 10:
    print(i)
    i += 1",0.36
def greet(): print('Hello'),def greet(): print('Hi'),0.75
if a > b: print(a),if b < a: print(b),0.59
print('Hello'),print('World'),0.0
for i in range(10): print(i),print('World'),0.22
"a = 5
b = 10
print(a + b)","x = 5
y = 10
print(x + y)",0.97
def greet(): print('Hello'),def greet(): print('Hi'),0.86
if a > b: print(a),for i in range(100): continue,0.39
"def add(a, b): return a + b","def sum(x, y): return x + y",1.0
"def divide(a, b): return a / b","def divide(x, y): return x / y",0.91
while True: pass,for i in range(100): continue,0.4
def square(n): return n * n,"def product(x, y): return x * y",0.04
"def divide(a, b): return a / b","def divide(x, y): return x / y",0.99
"def divide(a, b): return a / b",for i in range(100): continue,0.25
"def multiply(a, b): return a * b","def product(x, y): return x * y",1.0
if a > b: print(a),if b < a: print(b),0.47
"def divide(a, b): return a / b","def divide(x, y): return x / y",1.0
if a > b: print(a),"i = 0
while i < 10:
    print(i)
    i += 1",0.29
while True: pass,for i in range(100): continue,0.38
for i in range(10): print(i),"i = 0
while i < 10:
    print(i)
    i += 1",0.23
if a > b: print(a),print('World'),0.15
def square(n): return n * n,"def square(n): return pow(n, 2)",0.95
def square(n): return n * n,"def square(n): return pow(n, 2)",0.88
"a = 5
b = 10
print(a + b)","x = 5
y = 10
print(x + y)",0.92
if a > b: print(a),"def square(n): return pow(n, 2)",0.04
def greet(): print('Hello'),def greet(): print('Hi'),0.8
print('Hello'),print('World'),0.0
for i in range(10): print(i),"i = 0
while i < 10:
    print(i)
    i += 1",0.64
"def divide(a, b): return a / b","def divide(x, y): return x / y",1.0
def square(n): return n * n,"def square(n): return pow(n, 2)",0.88
for i in range(10): print(i),"i = 0
while i < 10:
    print(i)
    i += 1",0.64
for i in range(10): print(i),"i = 0
while i < 10:
    print(i)
    i += 1",0.64
"def multiply(a, b): return a * b","def product(x, y): return x * y",0.97
"a = 5
b = 10
print(a + b)","x = 5
y = 10
print(x + y)",1.0
"def add(a, b): return a + b","def sum(x, y): return x + y",0.94
while True: pass,for i in range(100): continue,0.37
"def divide(a, b): return a / b","def divide(x, y): return x / y",0.93
"def add(a, b): return a + b","x = 5
y = 10
print(x + y)",0.17
def square(n): return n * n,"def product(x, y): return x * y",0.1
for i in range(10): print(i),"i = 0
while i < 10:
    print(i)
    i += 1",0.78
def square(n): return n * n,"def square(n): return pow(n, 2)",0.99
def square(n): return n * n,"def square(n): return pow(n, 2)",0.8
if a > b: print(a),"def product(x, y): return x * y",0.09
"def multiply(a, b): return a * b","def product(x, y): return x * y",1.0
"def divide(a, b): return a / b","def divide(x, y): return x / y",0.95
def square(n): return n * n,"def divide(x, y): return x / y",0.15
for i in range(10): print(i),"i = 0
while i < 10:
    print(i)
    i += 1",0.76
def square(n): return n * n,"def square(n): return pow(n, 2)",0.89
"def multiply(a, b): return a * b","def product(x, y): return x * y",1.0
for i in range(10): print(i),"i = 0
while i < 10:
    print(i)
    i += 1",0.61
def greet(): print('Hello'),def greet(): print('Hi'),0.86
if a > b: print(a),if b < a: print(b),0.51
"def multiply(a, b): return a * b",def greet(): print('Hi'),0.35
"def multiply(a, b): return a * b","def product(x, y): return x * y",0.95
if a > b: print(a),if b < a: print(b),0.49
for i in range(10): print(i),"i = 0
while i < 10:
    print(i)
    i += 1",0.78
if a > b: print(a),"def square(n): return pow(n, 2)",0.36
"def add(a, b): return a + b","x = 5
y = 10
print(x + y)",0.28
"def divide(a, b): return a / b","x = 5
y = 10
print(x + y)",0.02
while True: pass,if b < a: print(b),0.03
print('Hello'),print('World'),0.03
while True: pass,for i in range(100): continue,0.36
while True: pass,for i in range(100): continue,0.31
"a = 5
b = 10
print(a + b)","x = 5
y = 10
print(x + y)",1.0
def greet(): print('Hello'),def greet(): print('Hi'),0.89
for i in range(10): print(i),print('World'),0.16
"def multiply(a, b): return a * b","def product(x, y): return x * y",0.92
"a = 5
b = 10
print(a + b)","def product(x, y): return x * y",0.37
while True: pass,for i in range(100): continue,0.22
if a > b: print(a),"x = 5
y = 10
print(x + y)",0.21
while True: pass,for i in range(100): continue,0.29
if a > b: print(a),if b < a: print(b),0.54
"def divide(a, b): return a / b","def divide(x, y): return x / y",0.95
def square(n): return n * n,"def square(n): return pow(n, 2)",0.91
print('Hello'),print('World'),0.33
"def divide(a, b): return a / b","x = 5
y = 10
print(x + y)",0.32
if a > b: print(a),if b < a: print(b),0.54
def square(n): return n * n,"def product(x, y): return x * y",0.35
"def multiply(a, b): return a * b","def sum(x, y): return x + y",0.06
def square(n): return n * n,"def square(n): return pow(n, 2)",1.0
"def multiply(a, b): return a * b","x = 5
y = 10
print(x + y)",0.33
def greet(): print('Hello'),"x = 5
y = 10
print(x + y)",0.1
def greet(): print('Hello'),def greet(): print('Hi'),0.73
print('Hello'),"def divide(x, y): return x / y",0.01
"def divide(a, b): return a / b","def divide(x, y): return x / y",1.0
"def add(a, b): return a + b","def sum(x, y): return x + y",0.19
if a > b: print(a),print('World'),0.35
"def multiply(a, b): return a * b","def product(x, y): return x * y",1.0
if a > b: print(a),if b < a: print(b),0.45
def square(n): return n * n,"def square(n): return pow(n, 2)",0.38
"def divide(a, b): return a / b",if b < a: print(b),0.19
while True: pass,for i in range(100): continue,0.29
"a = 5
b = 10
print(a + b)","x = 5
y = 10
print(x + y)",0.94
if a > b: print(a),if b < a: print(b),0.55
if a > b: print(a),"x = 5
y = 10
print(x + y)",0.15
"def multiply(a, b): return a * b",for i in range(100): continue,0.27
if a > b: print(a),if b < a: print(b),0.57
while True: pass,for i in range(100): continue,0.36
def greet(): print('Hello'),def greet(): print('Hi'),0.88
"def add(a, b): return a + b","def sum(x, y): return x + y",0.91
def greet(): print('Hello'),def greet(): print('Hi'),0.75
for i in range(10): print(i),"i = 0
while i < 10:
    print(i)
    i += 1",0.77
"a = 5
b = 10
print(a + b)","x = 5
y = 10
print(x + y)",1.0
"def multiply(a, b): return a * b",if b < a: print(b),0.23
def square(n): return n * n,"def square(n): return pow(n, 2)",0.84
"def multiply(a, b): return a * b","def sum(x, y): return x + y",0.15
for i in range(10): print(i),"i = 0
while i < 10:
    print(i)
    i += 1",0.65
"def add(a, b): return a + b","def sum(x, y): return x + y",1.0
while True: pass,print('World'),0.21
def greet(): print('Hello'),def greet(): print('Hi'),0.8
if a > b: print(a),if b < a: print(b),0.43
"def divide(a, b): return a / b","def divide(x, y): return x / y",1.0
def greet(): print('Hello'),def greet(): print('Hi'),0.14
print('Hello'),"def square(n): return pow(n, 2)",0.16
for i in range(10): print(i),print('World'),0.25
if a > b: print(a),if b < a: print(b),0.51
print('Hello'),"def product(x, y): return x * y",0.04
print('Hello'),print('World'),0.0
def greet(): print('Hello'),"def square(n): return pow(n, 2)",0.01
"def divide(a, b): return a / b",print('World'),0.17
def square(n): return n * n,"i = 0
while i < 10:
    print(i)
    i += 1",0.18
def greet(): print('Hello'),def greet(): print('Hi'),0.78
while True: pass,"def divide(x, y): return x / y",0.3
def greet(): print('Hello'),def greet(): print('Hi'),0.84
for i in range(10): print(i),"i = 0
while i < 10:
    print(i)
    i += 1",0.75
"def multiply(a, b): return a * b","def product(x, y): return x * y",1.0
"def divide(a, b): return a / b","def divide(x, y): return x / y",0.1
if a > b: print(a),if b < a: print(b),0.56
if a > b: print(a),if b < a: print(b),0.58
print('Hello'),print('World'),0.0
if a > b: print(a),if b < a: print(b),0.5
for i in range(10): print(i),"def sum(x, y): return x + y",0.24
"def add(a, b): return a + b","def sum(x, y): return x + y",0.99
def greet(): print('Hello'),"def square(n): return pow(n, 2)",0.2
while True: pass,for i in range(100): continue,0.26
"def divide(a, b): return a / b",def greet(): print('Hi'),0.32
def square(n): return n * n,"def square(n): return pow(n, 2)",0.89
"def add(a, b): return a + b","def sum(x, y): return x + y",1.0
def greet(): print('Hello'),def greet(): print('Hi'),0.77
for i in range(10): print(i),"x = 5
y = 10
print(x + y)",0.21
"a = 5
b = 10
print(a + b)","x = 5
y = 10
print(x + y)",1.0
while True: pass,for i in range(100): continue,0.16
"def multiply(a, b): return a * b",print('World'),0.37
"def multiply(a, b): return a * b","def product(x, y): return x * y",1.0
"a = 5
b = 10
print(a + b)","x = 5
y = 10
print(x + y)",0.99
while True: pass,for i in range(100): continue,0.38
if a > b: print(a),if b < a: print(b),0.47
def square(n): return n * n,"def square(n): return pow(n, 2)",1.0
"def add(a, b): return a + b","def sum(x, y): return x + y",0.93
for i in range(10): print(i),"i = 0
while i < 10:
    print(i)
    i += 1",0.65
while True: pass,"def product(x, y): return x * y",0.09
def square(n): return n * n,"def square(n): return pow(n, 2)",0.94
"def multiply(a, b): return a * b","i = 0
while i < 10:
    print(i)
    i += 1",0.07
"def multiply(a, b): return a * b","def product(x, y): return x * y",1.0
"def add(a, b): return a + b","i = 0
while i < 10:
    print(i)
    i += 1",0.33
"def add(a, b): return a + b","def sum(x, y): return x + y",0.93
for i in range(10): print(i),"i = 0
while i < 10:
    print(i)
    i += 1",0.71
def square(n): return n * n,"def square(n): return pow(n, 2)",0.81
"a = 5
b = 10
print(a + b)","x = 5
y = 10
print(x + y)",1.0
for i in range(10): print(i),"i = 0
while i < 10:
    print(i)
    i += 1",0.62
for i in range(10): print(i),"i = 0
while i < 10:
    print(i)
    i += 1",0.72
def square(n): return n * n,if b < a: print(b),0.34
"def divide(a, b): return a / b",for i in range(100): continue,0.35
for i in range(10): print(i),"i = 0
while i < 10:
    print(i)
    i += 1",0.75
while True: pass,def greet(): print('Hi'),0.13
for i in range(10): print(i),"i = 0
while i < 10:
    print(i)
    i += 1",0.09
for i in range(10): print(i),"i = 0
while i < 10:
    print(i)
    i += 1",0.69
print('Hello'),print('World'),0.08
print('Hello'),"i = 0
while i < 10:
    print(i)
    i += 1",0.22
while True: pass,for i in range(100): continue,0.26
"def add(a, b): return a + b","def product(x, y): return x * y",0.23
while True: pass,for i in range(100): continue,0.27
"def multiply(a, b): return a * b","def product(x, y): return x * y",0.95
"def divide(a, b): return a / b","def product(x, y): return x * y",0.23
if a > b: print(a),if b < a: print(b),0.4
"def multiply(a, b): return a * b",print('World'),0.08
"def multiply(a, b): return a * b","def divide(x, y): return x / y",0.37
"def divide(a, b): return a / b","def divide(x, y): return x / y",0.9
def square(n): return n * n,"def square(n): return pow(n, 2)",0.83
if a > b: print(a),if b < a: print(b),0.47
"a = 5
b = 10
print(a + b)","x = 5
y = 10
print(x + y)",0.96
"def divide(a, b): return a / b",print('World'),0.22
for i in range(10): print(i),"i = 0
while i < 10:
    print(i)
    i += 1",0.66
while True: pass,"def square(n): return pow(n, 2)",0.09
if a > b: print(a),"i = 0
while i < 10:
    print(i)
    i += 1",0.05
"a = 5
b = 10
print(a + b)",def greet(): print('Hi'),0.21
while True: pass,for i in range(100): continue,0.26
def greet(): print('Hello'),"def sum(x, y): return x + y",0.01
"def multiply(a, b): return a * b","def product(x, y): return x * y",1.0
for i in range(10): print(i),"i = 0
while i < 10:
    print(i)
    i += 1",0.71
"def multiply(a, b): return a * b","def product(x, y): return x * y",0.93
"a = 5
b = 10
print(a + b)","x = 5
y = 10
print(x + y)",0.96
if a > b: print(a),"def square(n): return pow(n, 2)",0.07
"a = 5
b = 10
print(a + b)","i = 0
while i < 10:
    print(i)
    i += 1",0.05
"a = 5
b = 10
print(a + b)","x = 5
y = 10
print(x + y)",0.91
for i in range(10): print(i),"i = 0
while i < 10:
    print(i)
    i += 1",0.02
if a > b: print(a),if b < a: print(b),0.45
"a = 5
b = 10
print(a + b)","x = 5
y = 10
print(x + y)",1.0
"def divide(a, b): return a / b","def divide(x, y): return x / y",0.95
if a > b: print(a),if b < a: print(b),0.52
"a = 5
b = 10
print(a + b)","x = 5
y = 10
print(x + y)",0.95
while True: pass,for i in range(100): continue,0.39
def greet(): print('Hello'),def greet(): print('Hi'),0.74
while True: pass,for i in range(100): continue,0.36
for i in range(10): print(i),"i = 0
while i < 10:
    print(i)
    i += 1",0.66
"def multiply(a, b): return a * b","def product(x, y): return x * y",0.92
"def add(a, b): return a + b","def sum(x, y): return x + y",0.94
for i in range(10): print(i),"i = 0
while i < 10:
    print(i)
    i += 1",0.62
if a > b: print(a),"def square(n): return pow(n, 2)",0.08
"def divide(a, b): return a / b","def sum(x, y): return x + y",0.38
if a > b: print(a),for i in range(100): continue,0.18
"def multiply(a, b): return a * b","def product(x, y): return x * y",0.92
"def add(a, b): return a + b","def sum(x, y): return x + y",1.0
print('Hello'),print('World'),0.04
def square(n): return n * n,"def square(n): return pow(n, 2)",0.92
"def divide(a, b): return a / b","def divide(x, y): return x / y",0.93
print('Hello'),print('World'),0.09
"def multiply(a, b): return a * b",def greet(): print('Hi'),0.06
"a = 5
b = 10
print(a + b)",for i in range(100): continue,0.17
for i in range(10): print(i),"i = 0
while i < 10:
    print(i)
    i += 1",0.79
while True: pass,if b < a: print(b),0.22
for i in range(10): print(i),"i = 0
while i < 10:
    print(i)
    i += 1",0.77
"def add(a, b): return a + b",print('World'),0.32
def greet(): print('Hello'),def greet(): print('Hi'),0.72
"def divide(a, b): return a / b","i = 0
while i < 10:
    print(i)
    i += 1",0.17
if a > b: print(a),if b < a: print(b),0.47
"def divide(a, b): return a / b","def divide(x, y): return x / y",0.93
if a > b: print(a),if b < a: print(b),0.52
for i in range(10): print(i),"i = 0
while i < 10:
    print(i)
    i += 1",0.65
"a = 5
b = 10
print(a + b)","x = 5
y = 10
print(x + y)",0.93
"def add(a, b): return a + b","def product(x, y): return x * y",0.31
print('Hello'),print('World'),0.1
def square(n): return n * n,"def square(n): return pow(n, 2)",0.9
for i in range(10): print(i),"i = 0
while i < 10:
    print(i)
    i += 1",0.68
"def add(a, b): return a + b","def sum(x, y): return x + y",1.0
def square(n): return n * n,"i = 0
while i < 10:
    print(i)
    i += 1",0.07
print('Hello'),def greet(): print('Hi'),0.26
for i in range(10): print(i),for i in range(100): continue,0.21
"def multiply(a, b): return a * b","def product(x, y): return x * y",1.0
def square(n): return n * n,"def square(n): return pow(n, 2)",0.88
"a = 5
b = 10
print(a + b)","x = 5
y = 10
print(x + y)",1.0
while True: pass,for i in range(100): continue,0.35
"def add(a, b): return a + b","def sum(x, y): return x + y",0.91
"a = 5
b = 10
print(a + b)","x = 5
y = 10
print(x + y)",1.0
if a > b: print(a),if b < a: print(b),0.51
"def multiply(a, b): return a * b","def product(x, y): return x * y",1.0
def greet(): print('Hello'),def greet(): print('Hi'),0.8
print('Hello'),"i = 0
while i < 10:
    print(i)
    i += 1",0.04
"def multiply(a, b): return a * b",print('World'),0.09
if a > b: print(a),if b < a: print(b),0.5
while True: pass,print('World'),0.4
def square(n): return n * n,"def square(n): return pow(n, 2)",0.94
if a > b: print(a),if b < a: print(b),0.45
"def divide(a, b): return a / b","def divide(x, y): return x / y",0.91
def greet(): print('Hello'),def greet(): print('Hi'),0.71
"def add(a, b): return a + b","def sum(x, y): return x + y",1.0
"def multiply(a, b): return a * b","i = 0
while i < 10:
    print(i)
    i += 1",0.14
"def divide(a, b): return a / b","def divide(x, y): return x / y",1.0
"def divide(a, b): return a / b","def sum(x, y): return x + y",0.35
while True: pass,for i in range(100): continue,0.29
def square(n): return n * n,"def square(n): return pow(n, 2)",0.89
"a = 5
b = 10
print(a + b)",if b < a: print(b),0.25
"a = 5
b = 10
print(a + b)","x = 5
y = 10
print(x + y)",0.96
"def add(a, b): return a + b","def sum(x, y): return x + y",0.91
"def divide(a, b): return a / b","def sum(x, y): return x + y",0.22
while True: pass,"def product(x, y): return x * y",0.33
"def divide(a, b): return a / b","def divide(x, y): return x / y",1.0
if a > b: print(a),if b < a: print(b),0.4
"a = 5
b = 10
print(a + b)","x = 5
y = 10
print(x + y)",0.99
print('Hello'),print('World'),0.0
def square(n): return n * n,"def square(n): return pow(n, 2)",0.89
def square(n): return n * n,"def square(n): return pow(n, 2)",0.05
"def multiply(a, b): return a * b","def product(x, y): return x * y",1.0
def greet(): print('Hello'),def greet(): print('Hi'),0.83
def greet(): print('Hello'),def greet(): print('Hi'),0.76
"def divide(a, b): return a / b","def divide(x, y): return x / y",0.91
while True: pass,for i in range(100): continue,0.36
print('Hello'),print('World'),0.09
"a = 5
b = 10
print(a + b)","def square(n): return pow(n, 2)",0.15
"a = 5
b = 10
print(a + b)","x = 5
y = 10
print(x + y)",0.98
"a = 5
b = 10
print(a + b)","x = 5
y = 10
print(x + y)",0.98
"def divide(a, b): return a / b",print('World'),0.37
"def multiply(a, b): return a * b",for i in range(100): continue,0.05
if a > b: print(a),def greet(): print('Hi'),0.11
if a > b: print(a),if b < a: print(b),0.41
while True: pass,for i in range(100): continue,0.24
"a = 5
b = 10
print(a + b)","x = 5
y = 10
print(x + y)",1.0
if a > b: print(a),if b < a: print(b),0.58
"def divide(a, b): return a / b","i = 0
while i < 10:
    print(i)
    i += 1",0.19
for i in range(10): print(i),"i = 0
while i < 10:
    print(i)
    i += 1",0.64
"def add(a, b): return a + b","def sum(x, y): return x + y",1.0
while True: pass,for i in range(100): continue,0.32
print('Hello'),if b < a: print(b),0.39
while True: pass,if b < a: print(b),0.09
while True: pass,"def product(x, y): return x * y",0.01
if a > b: print(a),if b < a: print(b),0.5
for i in range(10): print(i),def greet(): print('Hi'),0.27
"def add(a, b): return a + b","def divide(x, y): return x / y",0.09
"a = 5
b = 10
print(a + b)","x = 5
y = 10
print(x + y)",0.19
def greet(): print('Hello'),def greet(): print('Hi'),0.86
"a = 5
b = 10
print(a + b)","def square(n): return pow(n, 2)",0.23
print('Hello'),if b < a: print(b),0.24
for i in range(10): print(i),"def product(x, y): return x * y",0.09
"def add(a, b): return a + b",for i in range(100): continue,0.16
for i in range(10): print(i),for i in range(100): continue,0.04
print('Hello'),print('World'),0.0
"def multiply(a, b): return a * b","def product(x, y): return x * y",0.95
"a = 5
b = 10
print(a + b)","x = 5
y = 10
print(x + y)",0.92
"a = 5
b = 10
print(a + b)","x = 5
y = 10
print(x + y)",0.99
if a > b: print(a),print('World'),0.22
for i in range(10): print(i),if b < a: print(b),0.39
def greet(): print('Hello'),def greet(): print('Hi'),0.86
if a > b: print(a),if b < a: print(b),0.48
def square(n): return n * n,"x = 5
y = 10
print(x + y)",0.29
for i in range(10): print(i),"i = 0
while i < 10:
    print(i)
    i += 1",0.72
if a > b: print(a),"x = 5
y = 10
print(x + y)",0.14
while True: pass,for i in range(100): continue,0.2
"def divide(a, b): return a / b","i = 0
while i < 10:
    print(i)
    i += 1",0.21
def greet(): print('Hello'),def greet(): print('Hi'),0.75
def greet(): print('Hello'),def greet(): print('Hi'),0.83
def square(n): return n * n,"def divide(x, y): return x / y",0.38
while True: pass,for i in range(100): continue,0.22
